Designator,Mid X,Mid Y,Layer,Rotation
A1,101.60,-101.60,B,0.00
C1,96.01,-99.31,T,0.00
C2,98.17,-99.31,T,0.00
C3,106.68,-99.31,T,0.00
C4,108.84,-99.31,T,0.00
C5,101.85,-101.09,T,90.00
C6,100.84,-100.84,T,90.00
D1,92.20,-80.01,T,90.00
D2,111.00,-80.01,T,270.00
D3,95.00,-100.71,T,0.00
D4,97.16,-100.71,T,0.00
D5,105.66,-100.71,T,0.00
D6,107.82,-100.71,T,0.00
J1,102.87,-108.49,T,270.00
R1,102.87,-101.09,T,90.00
R2,103.63,-101.09,T,90.00
R3,99.82,-101.09,T,90.00
R4,99.06,-101.09,T,90.00
SW1,91.95,-110.74,T,90.00
SW2,91.95,-117.09,T,90.00
SW3,91.95,-123.19,T,90.00
SW4,111.25,-123.19,T,270.00
TP1,93.98,-85.85,T,0.00
TP2,93.98,-89.66,T,0.00
TP3,109.73,-89.66,T,90.00
TP4,109.73,-85.85,T,90.00
TP5,106.17,-85.85,T,90.00
TP6,106.17,-89.66,T,90.00
TP7,102.62,-85.85,T,90.00
TP8,102.62,-89.66,T,90.00
TP9,99.06,-85.85,T,90.00
TP10,99.06,-89.66,T,90.00
TP11,99.06,-93.22,T,0.00
TP12,102.62,-93.22,T,0.00
TP13,106.17,-93.22,T,0.00
TP14,109.73,-93.22,T,0.00
